,portugese name,query,answer_name,url,,,,
0,684 - Unidade De Combate 2003  Bluray 720p Dual Áudio.mkv,684 - Combat Unit,HID&amp,unit 684 &quot,For Neglected Heroes&quot,,https://www.youtube.com/watch?v=CbDVO4jIxc4,
1,684 - Unidade De Combate 2003  Bluray 720p Dual Áudio.mkv,684 - Combat Unit,Nefes - Vatan Sağolsun (Türk Filmi),https://www.youtube.com/watch?v=NCVuVUT8dNY,,,,
2,684 - Unidade De Combate 2003  Bluray 720p Dual Áudio.mkv,684 - Combat Unit,Marshawn Lynch and Rob Gronkowski Play &quot,Mortal Kombat X&quot, With Conan O&#39,Brien,https://www.youtube.com/watch?v=MNpkSyryQz4,
3,684 - Unidade De Combate 2003  Bluray 720p Dual Áudio.mkv,684 - Combat Unit,Simulated Blue House Raid of KPA&#39,s Special Operation Battalion Unit 525 - Video,https://www.youtube.com/watch?v=hkogFkr46rw,,,
4,684 - Unidade De Combate 2003  Bluray 720p Dual Áudio.mkv,684 - Combat Unit,Yelawolf - Johnny Cash (Official Music Video),https://www.youtube.com/watch?v=HWSZIm17kpY,,,,
5,A Fita Branca 2009 BluRay 720p Dublado.mkv,The White Ribbon,The White Ribbon - Official Trailer,https://www.youtube.com/watch?v=5KJKvvvxY74,,,,
6,A Fita Branca 2009 BluRay 720p Dublado.mkv,The White Ribbon,The White Ribbon trailer english,https://www.youtube.com/watch?v=BE_ByB2ocVk,,,,
7,A Fita Branca 2009 BluRay 720p Dublado.mkv,The White Ribbon,The white Ribbon [ Trailer 2009 ] [ ENG ] - 1080p,https://www.youtube.com/watch?v=L0YKE_xKDYg,,,,
8,A Fita Branca 2009 BluRay 720p Dublado.mkv,The White Ribbon,The White Ribbon (2009) Michael Haneke interview at Cannes,https://www.youtube.com/watch?v=merMVHaLc4g,,,,
9,A Fita Branca 2009 BluRay 720p Dublado.mkv,The White Ribbon,The White Ribbon trailer,https://www.youtube.com/watch?v=YoUgzyUrHag,,,,
10,Alta Tensão 2003 Bluray  1080p Dual Áudio.mkv,High Voltage,"HIGH VOLTAGE Official Trailer (2018) David Arquette, Luke Wilson Sci-Fi Movie HD",https://www.youtube.com/watch?v=g9iOYPI93ZU,,,,
11,Alta Tensão 2003 Bluray  1080p Dual Áudio.mkv,High Voltage,Crank: High Voltage (2009) - Official Trailer,https://www.youtube.com/watch?v=t2koYVqwzT4,,,,
12,Alta Tensão 2003 Bluray  1080p Dual Áudio.mkv,High Voltage,"HIGH VOLTAGE Official Trailer (2018) Horror, Sci-Fi Movie [HD]",https://www.youtube.com/watch?v=VwwfqpnwaSU,,,,
13,Alta Tensão 2003 Bluray  1080p Dual Áudio.mkv,High Voltage,High Voltage - Trailer,https://www.youtube.com/watch?v=urS11Bcpy0o,,,,
14,Alta Tensão 2003 Bluray  1080p Dual Áudio.mkv,High Voltage,Crank 2 (High Voltage) - Official Trailer,https://www.youtube.com/watch?v=bTmiGLsD_Qs,,,,
15,Arraste-Me Para O Inferno 2009 BluRay 1080p Dublado 5.1.mp4,Get Me To Hell,Drag Me To Hell (2009) - Official Trailer (HD),https://www.youtube.com/watch?v=PPOaxHqoYxo,,,,
16,Arraste-Me Para O Inferno 2009 BluRay 1080p Dublado 5.1.mp4,Get Me To Hell,"Drag Me to Hell Official Trailer #1 - Justin Long, Alison Lohman Movie (2009) HD",https://www.youtube.com/watch?v=Cd8NNcd4Oeo,,,,
17,Arraste-Me Para O Inferno 2009 BluRay 1080p Dublado 5.1.mp4,Get Me To Hell,DRAG ME TO HELL Trailer German Deutsch (2009) HD,https://www.youtube.com/watch?v=d11z96byxRM,,,,
18,Arraste-Me Para O Inferno 2009 BluRay 1080p Dublado 5.1.mp4,Get Me To Hell,Drag Me To Hell (2009) Christine Is Dragged To Hell [Ending Scene],https://www.youtube.com/watch?v=rwfspI03FX8,,,,
19,Arraste-Me Para O Inferno 2009 BluRay 1080p Dublado 5.1.mp4,Get Me To Hell,The Hate U Give | Official Trailer [HD] | 20th Century FOX,https://www.youtube.com/watch?v=3MM8OkVT0hw,,,,
20,Desnorteados 2016 BluRay 1080p Dublado-021.mp4,Desnorteados,Perdiendo El Norte Trailer 2015 Español,https://www.youtube.com/watch?v=MC-hmg8flg8,,,,
21,Desnorteados 2016 BluRay 1080p Dublado-021.mp4,Desnorteados,Desnorteados   Trailer #1   A maior produção CNBCaires,https://www.youtube.com/watch?v=o216qL8-uV0,,,,
22,Desnorteados 2016 BluRay 1080p Dublado-021.mp4,Desnorteados,Perdiendo el Norte - Tráiler Oficial HD,https://www.youtube.com/watch?v=oB1Fw1gdB9Q,,,,
23,Desnorteados 2016 BluRay 1080p Dublado-021.mp4,Desnorteados,Desnorteados   Trailer #2   A maior produção CNBCaires,https://www.youtube.com/watch?v=K0A90X6m27Y,,,,
24,Desnorteados 2016 BluRay 1080p Dublado-021.mp4,Desnorteados,"Desnorteado 2016, Filmes Completo 2016 (Dublado Lançament)",https://www.youtube.com/watch?v=M_Ggvf0cGn4,,,,
25,A Vida dos Outros 2007 BluRay 1080p Dual Áudio-018.mkv,The Life of Others,The Lives of Others | Official Trailer (2006),https://www.youtube.com/watch?v=n3_iLOp6IhM,,,,
26,A Vida dos Outros 2007 BluRay 1080p Dual Áudio-018.mkv,The Life of Others,The Lives Of Others Trailer HD,https://www.youtube.com/watch?v=FppW5ml4vdw,,,,
27,A Vida dos Outros 2007 BluRay 1080p Dual Áudio-018.mkv,The Life of Others,&#39,The Lives of Others&#39, trailer,https://www.youtube.com/watch?v=KOdn9Yelxwo,,
28,A Vida dos Outros 2007 BluRay 1080p Dual Áudio-018.mkv,The Life of Others,Das Leben der Anderen (2008) Trailer,https://www.youtube.com/watch?v=J3DsLPq884M,,,,
29,A Vida dos Outros 2007 BluRay 1080p Dual Áudio-018.mkv,The Life of Others,The Lives Of Others (Das Leben der Anderen) (Trailer) [Oscar&#39,s Best Foreign Movie],https://www.youtube.com/watch?v=rrpC7Nf4rBI,,,
30,A Serbian 2010 BluRay 720p LegendaFixa.mp4,A Serbian,A Serbian Film - Trailer,https://www.youtube.com/watch?v=eti8DMptId0,,,,
31,A Serbian 2010 BluRay 720p LegendaFixa.mp4,A Serbian,A Serbian Film (2010) Trailer 1,https://www.youtube.com/watch?v=lwNLxAKS-Dw,,,,
32,A Serbian 2010 BluRay 720p LegendaFixa.mp4,A Serbian,A Serbian Film - Taking Her Virginity,https://www.youtube.com/watch?v=pOrKHBFlVaI,,,,
33,A Serbian 2010 BluRay 720p LegendaFixa.mp4,A Serbian,A Serbian Film (Official Movie Film Cinema Theatrical Teaser Trailer)  | UNCENSORED | HD,https://www.youtube.com/watch?v=Fk-UALdVAVE,,,,
34,96 Minutos 2011 BluRay 720p Dual Áudio.mkv,96 Minutes,96 MINUTES Trailer (Carjacking MOVIE),https://www.youtube.com/watch?v=zCZsOshMWtc,,,,
35,96 Minutos 2011 BluRay 720p Dual Áudio.mkv,96 Minutes,96 Minutes - Movie Trailer,https://www.youtube.com/watch?v=vcUIDDYnyUk,,,,
36,96 Minutos 2011 BluRay 720p Dual Áudio.mkv,96 Minutes,"96 Trailer | Vijay Sethupathi, Trisha | Madras Enterprises | C.Prem Kumar | Govind Vasantha",https://www.youtube.com/watch?v=r0synl-lI4I,,,,
37,96 Minutos 2011 BluRay 720p Dual Áudio.mkv,96 Minutes,Action Full Movies 2013 96 Minutes Full Movie English Hollywood,https://www.youtube.com/watch?v=fEIo04Ftpk8,,,,
38,96 Minutos 2011 BluRay 720p Dual Áudio.mkv,96 Minutes,96 Minutes Movie CLIP - Situation (2012) Brittany Snow Movie HD,https://www.youtube.com/watch?v=DXhgHRfLhUQ,,,,
39,As Mil Palavras 2012 Bluray 1080p Dual Áudio.mkv,The Thousand Words,A Thousand Words Official Trailer #1 - Eddie Murphy Movie (2012) HD,https://www.youtube.com/watch?v=N6AxRCP3e4s,,,,
40,As Mil Palavras 2012 Bluray 1080p Dual Áudio.mkv,The Thousand Words,A THOUSAND WORDS Trailer 2012   Official HD,https://www.youtube.com/watch?v=orMdgkxM5gM,,,,
41,As Mil Palavras 2012 Bluray 1080p Dual Áudio.mkv,The Thousand Words,A Thousand Words - Trailer,https://www.youtube.com/watch?v=hTy4DnnnMXU,,,,
42,As Mil Palavras 2012 Bluray 1080p Dual Áudio.mkv,The Thousand Words,A Thousand Words - Nursing Home Scene (I Forgive You),https://www.youtube.com/watch?v=S8q29Xsj-pY,,,,
43,As Mil Palavras 2012 Bluray 1080p Dual Áudio.mkv,The Thousand Words,A Thousand Words TV SPOT #1 - Eddie Murphy Movie (2012) HD,https://www.youtube.com/watch?v=5mWcc6R1YWA,,,,
44,Caipira 2012 BluRay 1080p Dublado.mp4,Caipira,Hick Official Trailer #1 (2012) Chloe Grace-Moretz Movie HD,https://www.youtube.com/watch?v=V6enP6iiqyI,,,,
45,Caipira 2012 BluRay 1080p Dublado.mp4,Caipira,Hick (2013) UK Trailer,https://www.youtube.com/watch?v=Sl1-_k1GTn8,,,,
46,Caipira 2012 BluRay 1080p Dublado.mp4,Caipira,Todo Dia | Trailer  Dublado,https://www.youtube.com/watch?v=YgH-reESPx8,,,,
47,Caipira 2012 BluRay 1080p Dublado.mp4,Caipira,Caipira filme 2011 Dublado,https://www.youtube.com/watch?v=ETG0GHTPBQM,,,,
48,Caipira 2012 BluRay 1080p Dublado.mp4,Caipira,"Com Amor, Simon | Trailer Dublado",https://www.youtube.com/watch?v=L5oG2vFyVJA,,,,
49,Dogville 2003 720p Dual Áudio.mkv,Dogvill,Dogville - Trailer,https://www.youtube.com/watch?v=J5-LqwUHTaM,,,,
50,Dogville 2003 720p Dual Áudio.mkv,Dogvill,Dogville Official Trailer,https://www.youtube.com/watch?v=ZD1vi5lE-tk,,,,
51,Dogville 2003 720p Dual Áudio.mkv,Dogvill,Dogville [Trailer subtitulado],https://www.youtube.com/watch?v=688pYGmwUv4,,,,
52,Dogville 2003 720p Dual Áudio.mkv,Dogvill,Dogville 2003 DVDrip,https://www.youtube.com/watch?v=XrPMEb8St-Q,,,,
53,Dogville 2003 720p Dual Áudio.mkv,Dogvill,Dogville Trailer,https://www.youtube.com/watch?v=gpR0VF0HfkU,,,,
54,Dragon Blade 2015 BluRay 1080p Dua Áudio.mkv,Dragon Blade,"Dragon Blade Official Trailer #1 (2015) - Jackie Chan, Adrien Brody Movie HD",https://www.youtube.com/watch?v=kUs8tWJ0EWM,,,,
55,Dragon Blade 2015 BluRay 1080p Dua Áudio.mkv,Dragon Blade,"DRAGON BLADE TRAILER | Jackie Chan, Adrien Brody, John Cusack Film 2015",https://www.youtube.com/watch?v=aPm3FOT0-xk,,,,
56,Dragon Blade 2015 BluRay 1080p Dua Áudio.mkv,Dragon Blade,Dragon Blade: Official Trailer [HD],https://www.youtube.com/watch?v=ijtDlwsj9qU,,,,
57,Dragon Blade 2015 BluRay 1080p Dua Áudio.mkv,Dragon Blade,Dragon Blade - Huo An vs. Cold Moon Scene (1/10) | Movieclips,https://www.youtube.com/watch?v=SwjKQrYpe-g,,,,
58,Dragon Blade 2015 BluRay 1080p Dua Áudio.mkv,Dragon Blade,"Dragon Blade (2015 Movie – Jackie Chan, John Cusack, Adrien Brody) – Official Trailer",https://www.youtube.com/watch?v=lwMlpp8GIAI,,,,
59,Drive 2011 BluRay 1080p Dual Áudio.mkv,Drive,Drive - Movie Trailer (2011) HD,https://www.youtube.com/watch?v=KBiOF3y1W0Y,,,,
60,Drive 2011 BluRay 1080p Dual Áudio.mkv,Drive,DRIVE Trailer 2 (HD),https://www.youtube.com/watch?v=khI-05xwMco,,,,
61,Drive 2011 BluRay 1080p Dual Áudio.mkv,Drive,Baby Driver Trailer #1 (2017) | Movieclips Trailers,https://www.youtube.com/watch?v=D9YZw_X5UzQ,,,,
62,Drive 2011 BluRay 1080p Dual Áudio.mkv,Drive,Drive bollywood trailer 2018 | Sushant Singh Rajput new movie trailer | Drive official trailer,https://www.youtube.com/watch?v=_BAClCBfteU,,,,
63,Drive 2011 BluRay 1080p Dual Áudio.mkv,Drive,&#39,Drive&#39, Trailer HD,https://www.youtube.com/watch?v=CWX34ShfcsE,,
64,Até o Fim 2013 BluRay 1080p Dual Áudio.mkv,Until the End,"Until the end of time, TRAILER , Yasmine Chouikh",https://www.youtube.com/watch?v=inbUUG5irrE,,,,
65,Até o Fim 2013 BluRay 1080p Dual Áudio.mkv,Until the End,Till the End of the World Trailer #1 (2018) | Movieclips Indie,https://www.youtube.com/watch?v=cqk4W5Opuig,,,,
66,Até o Fim 2013 BluRay 1080p Dual Áudio.mkv,Until the End,How It Ends | Official Trailer [HD] | Netflix,https://www.youtube.com/watch?v=WJyyJ7lexnM,,,,
67,Até o Fim 2013 BluRay 1080p Dual Áudio.mkv,Until the End,Until The End Of The World Trailer (1991) - William Hurt Movie HD,https://www.youtube.com/watch?v=zfFWBWKwQT8,,,,
68,Até o Fim 2013 BluRay 1080p Dual Áudio.mkv,Until the End,Sense8: The Series Finale | Official Trailer [HD] | Netflix,https://www.youtube.com/watch?v=QYU8w4ONQVo,,,,
69,Encontros e Desencontros do Amor 2014 BluRay 1080p Dual Áudio.mkv,Meetings and Missions of Love,Missions of Love (Eng Sub),https://www.youtube.com/watch?v=y2cEj4MA4eM,,,,
70,Encontros e Desencontros do Amor 2014 BluRay 1080p Dual Áudio.mkv,Meetings and Missions of Love,"NICE TO MEET YOU - OFFICIAL TRAILER | Wei Qian Xiang, Janice Man, Zhang Ming En, Ji Xiao Bing",https://www.youtube.com/watch?v=-NSyyVC7qj8,,,,
71,Encontros e Desencontros do Amor 2014 BluRay 1080p Dual Áudio.mkv,Meetings and Missions of Love,The Ottoman Lieutenant Trailer #1 (2017) | Movieclips Trailers,https://www.youtube.com/watch?v=7BJyAgU5Yr8,,,,
72,Encontros e Desencontros do Amor 2014 BluRay 1080p Dual Áudio.mkv,Meetings and Missions of Love,ISN&#39,T IT ROMANTIC - Official Trailer,https://www.youtube.com/watch?v=8ZwgoVmILQU,,,
73,Encontros e Desencontros do Amor 2014 BluRay 1080p Dual Áudio.mkv,Meetings and Missions of Love,Taylor Swift - Blank Space,https://www.youtube.com/watch?v=e-ORhEE9VVg,,,,
74,3000 Milhas para o Inferno 2001 Bluray 720p Dublado-002.mkv,3000 Miles to Hell,100 Miles From Hell - Official Trailer,https://www.youtube.com/watch?v=egGUlPUG_gw,,,,
75,3000 Milhas para o Inferno 2001 Bluray 720p Dublado-002.mkv,3000 Miles to Hell,Gumball 3000 &#39,Coast to Coast&#39, Movie Trailer: Hell Party,https://www.youtube.com/watch?v=Zzj539HmaF8,,
76,3000 Milhas para o Inferno 2001 Bluray 720p Dublado-002.mkv,3000 Miles to Hell,&quot,Mischief 3000&quot, (2002) - Gumball 3000 movie trailer,https://www.youtube.com/watch?v=uZnNSFizpoE,,
77,3000 Milhas para o Inferno 2001 Bluray 720p Dublado-002.mkv,3000 Miles to Hell,"St. Vincent Official Trailer #1 (2014) - Bill Murray, Melissa McCarthy Comedy HD",https://www.youtube.com/watch?v=9dP5lJnJHXg,,,,
78,3000 Milhas para o Inferno 2001 Bluray 720p Dublado-002.mkv,3000 Miles to Hell,300 (2006) - This Is Sparta! Scene (1/5) | Movieclips,https://www.youtube.com/watch?v=4Prc1UfuokY,,,,
79,A Caçada 2007 BluRay 1080p Dual Áudio.mkv,The Hunt,The Hunt TRAILER 1 (2013) - Mads Mikkelsen Movie HD,https://www.youtube.com/watch?v=vK9cO7QN8Ak,,,,
80,A Caçada 2007 BluRay 1080p Dual Áudio.mkv,The Hunt,The Hunt Official Trailer #1 (2013) - Mads Mikkelsen Movie HD,https://www.youtube.com/watch?v=ieLIOBkMgAQ,,,,
81,A Caçada 2007 BluRay 1080p Dual Áudio.mkv,The Hunt,The Hunt: Trailer - BBC One,https://www.youtube.com/watch?v=rTIQmt2s_24,,,,
82,A Caçada 2007 BluRay 1080p Dual Áudio.mkv,The Hunt,Hunt: Showdown - Early Access Steam Exclusive Trailer,https://www.youtube.com/watch?v=-MlbAAaqNdA,,,,
83,A Caçada 2007 BluRay 1080p Dual Áudio.mkv,The Hunt,The Hunt: Trailer 2 - BBC One&quot,,https://www.youtube.com/watch?v=tftPLuSguvc,,,
84,Desafiando os Limites 2005 BluRay 1080p Dual Áudio-008.mkv,Challenging the Limits,SHAZAM! - Official Teaser Trailer [HD],https://www.youtube.com/watch?v=go6GEIrcvFY,,,,
85,Desafiando os Limites 2005 BluRay 1080p Dual Áudio-008.mkv,Challenging the Limits,The Dunking Challenge | Season 2 Ep. 1 | AMERICAN GRIT,https://www.youtube.com/watch?v=kCFlrtX4iz4,,,,
86,Desafiando os Limites 2005 BluRay 1080p Dual Áudio-008.mkv,Challenging the Limits,Urus: The world’s first Super Sport Utility Vehicle,https://www.youtube.com/watch?v=Xo1pEPoYi8Y,,,,
87,Desafiando os Limites 2005 BluRay 1080p Dual Áudio-008.mkv,Challenging the Limits,Challenging Reality Trailer,https://www.youtube.com/watch?v=81pRf2Avji4,,,,
88,Desafiando os Limites 2005 BluRay 1080p Dual Áudio-008.mkv,Challenging the Limits,The Ballad of Genesis and Lady Jaye - Official Movie Trailer - 2012,https://www.youtube.com/watch?v=d8BX2FDrogo,,,,
89,A Casa Monstro 2006 BluRay 1080p Dual Áudio 5.1.mkv,The Monster House,Monster House - Trailer,https://www.youtube.com/watch?v=XEkeZhWbW7U,,,,
90,A Casa Monstro 2006 BluRay 1080p Dual Áudio 5.1.mkv,The Monster House,2006: Monster House Trailer HQ,https://www.youtube.com/watch?v=yezkM0h_xq4,,,,
91,A Casa Monstro 2006 BluRay 1080p Dual Áudio 5.1.mkv,The Monster House,"Monster House (7/10) Movie CLIP - She Died, But She Didn&#39;t Leave (2006) HD",https://www.youtube.com/watch?v=ycyXqWAMzZ8,,,,
92,A Casa Monstro 2006 BluRay 1080p Dual Áudio 5.1.mkv,The Monster House,Monster House (1/10) Movie CLIP - Stay Away From My House! (2006) HD,https://www.youtube.com/watch?v=TE4ZWi6xkZo,,,,
93,A Casa Monstro 2006 BluRay 1080p Dual Áudio 5.1.mkv,The Monster House,Monster House (2006) Trailer Deutsch / German - Offiziell,https://www.youtube.com/watch?v=nxaq6A9M8UU,,,,
94,Aconteceu Em Woodstock 2009 Bluray 1080p Dublado.mkv,It Happened In Woodstock,&quot,Taking Woodstock&quot, - Official Trailer [HQ HD],https://www.youtube.com/watch?v=lBtg3H_w4UE,,
95,Aconteceu Em Woodstock 2009 Bluray 1080p Dublado.mkv,It Happened In Woodstock,Woodstock Festival 1969 Trailer,https://www.youtube.com/watch?v=HRv93fnJMe4,,,,
96,Aconteceu Em Woodstock 2009 Bluray 1080p Dublado.mkv,It Happened In Woodstock,Woodstock  Three Days Of Peace And Music  - trailer,https://www.youtube.com/watch?v=unCumOu1a8w,,,,
97,Aconteceu Em Woodstock 2009 Bluray 1080p Dublado.mkv,It Happened In Woodstock,Taking Woodstock Trailer HD,https://www.youtube.com/watch?v=5mNk9XMEG-Y,,,,
98,Aconteceu Em Woodstock 2009 Bluray 1080p Dublado.mkv,It Happened In Woodstock,Jimi Hendrix: Live at Woodstock (Trailer),https://www.youtube.com/watch?v=mtZRXwg8Cjg,,,,
99,Um Método Perigoso 2011 BluRay 720p Dual Áudio.mkv,A Dangerous Method,A Dangerous Method Official Trailer (2011) HD,https://www.youtube.com/watch?v=pjyP9DjUdVk,,,,
100,Um Método Perigoso 2011 BluRay 720p Dual Áudio.mkv,A Dangerous Method,A Dangerous Method - Official Trailer - On DVD on Blu-ray Now!,https://www.youtube.com/watch?v=IsSP82TV3Bo,,,,
101,Um Método Perigoso 2011 BluRay 720p Dual Áudio.mkv,A Dangerous Method,Dangerous Method   Keira Knightley sick,https://www.youtube.com/watch?v=xKxEhVN1eEk,,,,
102,Um Método Perigoso 2011 BluRay 720p Dual Áudio.mkv,A Dangerous Method,A Dangerous Method - &#39,Mistake&#39,,https://www.youtube.com/watch?v=X9eQwKAXVIs,,
103,Um Método Perigoso 2011 BluRay 720p Dual Áudio.mkv,A Dangerous Method,A Dangerous Method - Official Trailer [HD],https://www.youtube.com/watch?v=YSlnQAqZnuo,,,,
104,A Ditadura Perfeita 2015 BluRay 720p Dublado.mkv,A Perfect Dictatorship,The Perfect Dictatorship - La Dictadura Perfecta Official Trailer Coming soon to a Theater near you,https://www.youtube.com/watch?v=Qox7XGR8zHo,,,,
105,A Ditadura Perfeita 2015 BluRay 720p Dublado.mkv,A Perfect Dictatorship,Estrada slams Mexican govt in &#39,The Perfect Dictatorship&#39,,https://www.youtube.com/watch?v=NbVBVgrjQ0k,,
106,A Ditadura Perfeita 2015 BluRay 720p Dublado.mkv,A Perfect Dictatorship,The Perfect Dictatorship [2014] ~ ( HD Full Movie ) English Audio,https://www.youtube.com/watch?v=xCIJY0B5ZTI,,,,
107,A Ditadura Perfeita 2015 BluRay 720p Dublado.mkv,A Perfect Dictatorship,The Dictator Movie - Official Restricted Trailer,https://www.youtube.com/watch?v=c-2ZvIMKJHA,,,,
108,A Ditadura Perfeita 2015 BluRay 720p Dublado.mkv,A Perfect Dictatorship,The Perfect Dictatorship (2014)  (Trailer Music),https://www.youtube.com/watch?v=AnmuKEJWyFs,,,,
109,A Eterna Namorada 2016 Bluray 1080p Dublado.mp4,The Eternal Girlfriend,ETERNAL SUNSHINE OF THE SPOTLESS MIND (2004) - Official Trailer - directed by MICHEL GONDRY,https://www.youtube.com/watch?v=GBEke6JixyE,,,,
110,A Eterna Namorada 2016 Bluray 1080p Dublado.mp4,The Eternal Girlfriend,"ETERNAL LOVE - OFFICIAL TRAILER | Dilraba Dilmurat, Mark Chao, Yang Mi, Alan Yu",https://www.youtube.com/watch?v=AtD4k1UeiqY,,,,
111,A Eterna Namorada 2016 Bluray 1080p Dublado.mp4,The Eternal Girlfriend,Eternal Sunshine of the Spotless Mind (1/11) Movie CLIP - Train Ride (2004) HD,https://www.youtube.com/watch?v=hZdl2FFp0eA,,,,
112,A Eterna Namorada 2016 Bluray 1080p Dublado.mp4,The Eternal Girlfriend,"MY AMAZING BOYFRIEND 2: UNFORGETTABLE IMPRESSION - OFFICIAL TRAILER | Mike D&#39;Angelo, Esther Yu",https://www.youtube.com/watch?v=Ek4GWy_cu_o,,,,
113,A Eterna Namorada 2016 Bluray 1080p Dublado.mp4,The Eternal Girlfriend,Eternal Summer 盛夏光年 2006 OFFICIAL Trailer,https://www.youtube.com/watch?v=O3outtOL2zE,,,,
114,A Filha de Osiris 2017 BluRay 1080p Dual Áudio.mkv,The Daughter of Osiris,The Osiris Child Trailer #1 (2017) | Movieclips Indie,https://www.youtube.com/watch?v=6gc8yC5eak0,,,,
115,A Filha de Osiris 2017 BluRay 1080p Dual Áudio.mkv,The Daughter of Osiris,The Osiris Child: Science Fiction Volume One - Official Trailer,https://www.youtube.com/watch?v=lXy5GTk7_c0,,,,
116,A Filha de Osiris 2017 BluRay 1080p Dual Áudio.mkv,The Daughter of Osiris,DESTINY 2 Curse Of Osiris Cinematic Trailer (2017),https://www.youtube.com/watch?v=RXS2rQSH7Es,,,,
117,A Filha de Osiris 2017 BluRay 1080p Dual Áudio.mkv,The Daughter of Osiris,Destiny 2: Curse Of Osiris - Opening Cinematic Trailer,https://www.youtube.com/watch?v=z9kfZbZ7AcQ,,,,
118,A Filha de Osiris 2017 BluRay 1080p Dual Áudio.mkv,The Daughter of Osiris,Destiny 2 - Expansion I:  Curse of Osiris Reveal Trailer,https://www.youtube.com/watch?v=3Gjl690gN1s,,,,
119,A Grande Muralha 2016 BluRay 1080p Dual Áudio 5.1.mkv,The Great Wall,The Great Wall - Official Trailer #2 - In Theaters This February,https://www.youtube.com/watch?v=avF6GHyyk5c,,,,
120,A Grande Muralha 2016 BluRay 1080p Dual Áudio 5.1.mkv,The Great Wall,The Great Wall - Official Trailer 1 (Universal Pictures) HD,https://www.youtube.com/watch?v=6SKI9rgqFck,,,,
121,A Grande Muralha 2016 BluRay 1080p Dual Áudio 5.1.mkv,The Great Wall,The Great Wall (2017) - The First Attack Scene (1/10) | Movieclips,https://www.youtube.com/watch?v=DefILRrX77k,,,,
122,A Grande Muralha 2016 BluRay 1080p Dual Áudio 5.1.mkv,The Great Wall,The Great Wall - Official Trailer #1,https://www.youtube.com/watch?v=LVw9YdP1O-0,,,,
123,A Grande Muralha 2016 BluRay 1080p Dual Áudio 5.1.mkv,The Great Wall,The Great Wall Movie AMAZING FIGHT SCENE,https://www.youtube.com/watch?v=JpZ5lFCPe4c,,,,
124,A Lenda de Beowulf A Lenda de Beowulf D-002.C 2007 BluRay 1080p Dual Áudio,The Legend of Beowulf The Legend of Beowulf D-002,TRAILER 002 // BEOWULF,https://www.youtube.com/watch?v=QwnPiSF70zo,,,,
125,A Lenda de Beowulf A Lenda de Beowulf D-002.C 2007 BluRay 1080p Dual Áudio,The Legend of Beowulf The Legend of Beowulf D-002,Beowulf,https://www.youtube.com/watch?v=wQiXC9_CGJs,,,,
126,A Lenda de Beowulf A Lenda de Beowulf D-002.C 2007 BluRay 1080p Dual Áudio,The Legend of Beowulf The Legend of Beowulf D-002,Beowulf(Movie) Trailer 1,https://www.youtube.com/watch?v=JkF170AiL2E,,,,
127,A Lenda de Beowulf A Lenda de Beowulf D-002.C 2007 BluRay 1080p Dual Áudio,The Legend of Beowulf The Legend of Beowulf D-002,&quot,Beowulf&quot,,https://www.youtube.com/watch?v=Erho5t7behk,,
128,A Lenda de Beowulf A Lenda de Beowulf D-002.C 2007 BluRay 1080p Dual Áudio,The Legend of Beowulf The Legend of Beowulf D-002,This is The End Trailer 2013 Movie - Official [HD],https://www.youtube.com/watch?v=Yma-g4gTwlE,,,,
129,Anjos da Morte 2006 BluRay 1080p Dual Áudio.mkv,Angels of Death,Angels of Death (Anime Trailer 1 + 2 )  「English Subtitles」,https://www.youtube.com/watch?v=Ee5J1x6MuIo,,,,
130,Anjos da Morte 2006 BluRay 1080p Dual Áudio.mkv,Angels of Death,Angels of Death - OFFICIAL PREVIEW,https://www.youtube.com/watch?v=In9rLuw_Kyw,,,,
131,Anjos da Morte 2006 BluRay 1080p Dual Áudio.mkv,Angels of Death,Angels of Death Teaser Trailer,https://www.youtube.com/watch?v=ixVvdnf49tA,,,,
132,Anjos da Morte 2006 BluRay 1080p Dual Áudio.mkv,Angels of Death,Satsuriku no Tenshi Trailer 1 ( Angels of death ),https://www.youtube.com/watch?v=Jrl00eiOfQA,,,,
133,Anjos da Morte 2006 BluRay 1080p Dual Áudio.mkv,Angels of Death,ANGEL OF DEATH Official Trailer (2018) Horror Movie,https://www.youtube.com/watch?v=5-Mcm-1HPxo,,,,
134,,Anonimo,ANONYMOUS Official Trailer #1 (2016) Thriller Movie,https://www.youtube.com/watch?v=_R7MnPE78w8,,,,
135,,Anonimo,Anónimo - Trailer Oficial Português,https://www.youtube.com/watch?v=N8EpWPQ1j9o,,,,
136,,Anonimo,Anônimo | Trailer Legendado,https://www.youtube.com/watch?v=BEcmpb-xSq0,,,,
137,,Anonimo,Anónimo - Trailer subtitulado,https://www.youtube.com/watch?v=CP3-MteycME,,,,
138,,Anonimo,"Jarhead (2005) Official Trailer - Jake Gyllenhaal, Jamie Foxx Movie HD",https://www.youtube.com/watch?v=-aBP-c28_1M,,,,
139,A Professora de Piano 2001 BluRay 1080p Legendado.mkv,The Piano Teacher,The Piano Teacher Official Film Trailer,https://www.youtube.com/watch?v=mjROGqRTMzQ,,,,
140,A Professora de Piano 2001 BluRay 1080p Legendado.mkv,The Piano Teacher,The Piano Teacher - Trailer,https://www.youtube.com/watch?v=4I6i0UxQLHA,,,,
141,A Professora de Piano 2001 BluRay 1080p Legendado.mkv,The Piano Teacher,La pianiste. Haneke,https://www.youtube.com/watch?v=m0031BKgdEo,,,,
142,A Professora de Piano 2001 BluRay 1080p Legendado.mkv,The Piano Teacher,&#39,La Pianiste&#39, / Blonde Redhead - Bipolar,https://www.youtube.com/watch?v=9KixxB8c0vk,,
143,Breathless 2017 BluRay 1080p Dual Audio.mkv,The Piano Teacher,The Piano Teacher - Schubert isn&#39,t a walk in the park,https://www.youtube.com/watch?v=2PU6K39deME,,,
144,Breathless 2017 BluRay 1080p Dual Audio.mkv,Breathless,Breathless: 50th Anniversary trailer - on DVD September 13th!,https://www.youtube.com/watch?v=WCDEAu4R8hA,,,,
145,Breathless 2017 BluRay 1080p Dual Audio.mkv,Breathless,Breathless Official Trailer #1 - Richard Gere Movie (1983) HD,https://www.youtube.com/watch?v=eGhcrT3ux58,,,,
146,Breathless 2017 BluRay 1080p Dual Audio.mkv,Breathless,Breathless - Trailer,https://www.youtube.com/watch?v=8QD3VK5fShM,,,,
147,Breathless 2017 BluRay 1080p Dual Audio.mkv,Breathless,A Bout De Souffle - Trailer,https://www.youtube.com/watch?v=DQgODR1jZz0,,,,
148,Circulo de Fogo 2001 Bluray 1080p Dual Áudio.mkv,Circle of Fire,FIRE CIRCLE  THE REVOLT   Trailer 2018,https://www.youtube.com/watch?v=oAoSoEucLwY,,,,
149,Circulo de Fogo 2001 Bluray 1080p Dual Áudio.mkv,Circle of Fire,Ring of Fire Trailer,https://www.youtube.com/watch?v=26ZeAPmLcWg,,,,
150,Circulo de Fogo 2001 Bluray 1080p Dual Áudio.mkv,Circle of Fire,Hercules Circle of Fire Trailer,https://www.youtube.com/watch?v=Sp0AG-G-IHE,,,,
151,Circulo de Fogo 2001 Bluray 1080p Dual Áudio.mkv,Circle of Fire,Circle Of Fire Trailer,https://www.youtube.com/watch?v=RYIuHhm78gU,,,,
152,Circulo de Fogo 2001 Bluray 1080p Dual Áudio.mkv,Circle of Fire,The Circle of Fire Official Trailer,https://www.youtube.com/watch?v=mXKz68q0caA,,,,
153,Closer 2004 BluRay 1080p Dual Audio .mkv,Closer,Closer (2004) Official Trailer 1 - Julia Roberts Movie,https://www.youtube.com/watch?v=BdmOjfGTUzQ,,,,
154,Closer 2004 BluRay 1080p Dual Audio .mkv,Closer,Close | Official Trailer [HD] | Netflix,https://www.youtube.com/watch?v=qWKsiHEpiJM,,,,
155,Closer 2004 BluRay 1080p Dual Audio .mkv,Closer,Closer (5/8) Movie CLIP - Are You Flirting With Me? (2004) HD,https://www.youtube.com/watch?v=iCfBiIzWG9g,,,,
156,Closer 2004 BluRay 1080p Dual Audio .mkv,Closer,Closer (6/8) Movie CLIP - Tell Me Something True (2004) HD,https://www.youtube.com/watch?v=ceTBcVLeUtI,,,,
157,Closer 2004 BluRay 1080p Dual Audio .mkv,Closer,Closer (1/8) Movie CLIP - I&#39,m Not a Thief (2004) HD,https://www.youtube.com/watch?v=7ycl6niFTsM,,,
158,Esquentando a Relação 2014 Bluray 720p Dual Áudio.mp4,Esquentando a Relação,"Filme Esquentando a relação, completo e dublado.",https://www.youtube.com/watch?v=bkC5aQGXIs8,,,,
159,Esquentando a Relação 2014 Bluray 720p Dual Áudio.mp4,Esquentando a Relação,Um Método Perigoso - Trailer Oficial Legendado,https://www.youtube.com/watch?v=SmU0oL0Iswc,,,,
160,Esquentando a Relação 2014 Bluray 720p Dual Áudio.mp4,Esquentando a Relação,Esquentando a Relação - Trailer - Original,https://www.youtube.com/watch?v=eX8OLksA60c,,,,
161,Esquentando a Relação 2014 Bluray 720p Dual Áudio.mp4,Esquentando a Relação,esquentando a relaçao,https://www.youtube.com/watch?v=mFbZ2l1_29Q,,,,
162,Esquentando a Relação 2014 Bluray 720p Dual Áudio.mp4,Esquentando a Relação,Não é Mais Um Besteirol Americano (2001) Filme/Clip,https://www.youtube.com/watch?v=ewCzpJGs7kY,,,,
163,Estigmas da Crueldade 1958 BluRay 1080p Dual Áudio.mkv,Stigmata of Cruelty,Stigmata (1999) Trailer Ingles,https://www.youtube.com/watch?v=1HZdzdbo4rM,,,,
164,Estigmas da Crueldade 1958 BluRay 1080p Dual Áudio.mkv,Stigmata of Cruelty,Gabriel (2007) - Trailer,https://www.youtube.com/watch?v=ni0uq6ajGpc,,,,
165,Estigmas da Crueldade 1958 BluRay 1080p Dual Áudio.mkv,Stigmata of Cruelty,Asunder (1999) Official Trailer #1 - Thriller,https://www.youtube.com/watch?v=KOkpvZaCgRE,,,,
166,Estigmas da Crueldade 1958 BluRay 1080p Dual Áudio.mkv,Stigmata of Cruelty,Deep in the Darkness (2014) - Official Trailer #1 (HD),https://www.youtube.com/watch?v=qaQPps-R3rM,,,,
167,Estigmas da Crueldade 1958 BluRay 1080p Dual Áudio.mkv,Stigmata of Cruelty,The 4th Floor trailer (1999),https://www.youtube.com/watch?v=5mSprEKJn_c,,,,
168,Eu Eu Mesmo e o Macaco 2005 Bluray 720p Dual Áudio.mkv,Myself and the Monkey,Wonder Park Teaser Trailer #1 (2019) | Movieclips Trailers,https://www.youtube.com/watch?v=I227guYCtzg,,,,
169,Eu Eu Mesmo e o Macaco 2005 Bluray 720p Dual Áudio.mkv,Myself and the Monkey,Stone Monkey - Trailer,https://www.youtube.com/watch?v=apxiDtkl-J0,,,,
170,Eu Eu Mesmo e o Macaco 2005 Bluray 720p Dual Áudio.mkv,Myself and the Monkey,MONKEY GRIP TRAILER,https://www.youtube.com/watch?v=5fnpqubQSxc,,,,
171,Eu Eu Mesmo e o Macaco 2005 Bluray 720p Dual Áudio.mkv,Myself and the Monkey,Logan | Official Trailer [HD] | 20th Century FOX,https://www.youtube.com/watch?v=Div0iP65aZo,,,,
172,Eu Eu Mesmo e o Macaco 2005 Bluray 720p Dual Áudio.mkv,Myself and the Monkey,Scary Movie 3 (6/11) Movie CLIP - Fighting MJ (2003) HD,https://www.youtube.com/watch?v=zAeofWDUArU,,,,
173,Falcão Negro em Perigo 2001  BluRay 1080p Dual Áudio-009.mkv,Black Hawk in Peril,An Intense Blackhawk Rescue Mission in Peril,https://www.youtube.com/watch?v=WBkt78xm6wg,,,,
174,Falcão Negro em Perigo 2001  BluRay 1080p Dual Áudio-009.mkv,Black Hawk in Peril,LEGO Marvel Super Heroes: Universe in Peril trailer,https://www.youtube.com/watch?v=B5W3NEOwzS8,,,,
175,Falcão Negro em Perigo 2001  BluRay 1080p Dual Áudio-009.mkv,Black Hawk in Peril,Depths of Peril trailer,https://www.youtube.com/watch?v=WhXH2DkxVi0,,,,
176,Falcão Negro em Perigo 2001  BluRay 1080p Dual Áudio-009.mkv,Black Hawk in Peril,Black Widow Trailer - SNL,https://www.youtube.com/watch?v=j_5KgpN38hM,,,,
177,Falcão Negro em Perigo 2001  BluRay 1080p Dual Áudio-009.mkv,Black Hawk in Peril,The Offspring - The Kids Aren&#39,t Alright (Official Music Video),https://www.youtube.com/watch?v=7iNbnineUCI,,,
178,Frida 2002 Bluray BluRay 1080p Dual Áudio-002.mkv,Frida,Frida (2002) Official Trailer #1 - Salma Hayek Movie HD,https://www.youtube.com/watch?v=uOUzQYqba4Y,,,,
179,Frida 2002 Bluray BluRay 1080p Dual Áudio-002.mkv,Frida,"Frida | Official Trailer (HD) - Salma Hayek, Antonio Banderas, Alfred Molina | MIRAMAX",https://www.youtube.com/watch?v=-CTM7FcY1LE,,,,
180,Frida 2002 Bluray BluRay 1080p Dual Áudio-002.mkv,Frida,No Manches Frida 2 - Official Trailer,https://www.youtube.com/watch?v=Sxh1Sq1z6Cc,,,,
181,Frida 2002 Bluray BluRay 1080p Dual Áudio-002.mkv,Frida,Frida (3/12) Movie CLIP - Frida and Tina Tango (2002) HD,https://www.youtube.com/watch?v=06u-a5jmi6o,,,,
182,Frida 2002 Bluray BluRay 1080p Dual Áudio-002.mkv,Frida,Frida (1/12) Movie CLIP - Bus Crash (2002) HD,https://www.youtube.com/watch?v=znxRGH92XDg,,,,
183,Heavy Metal - Universo em Fantasia 1981 Bluray 1080p Dual Áudio.mkv,Heavy Metal - Universe in Fantasia,Heavy Metal: Universe in Fantasy (1981) introduction.,https://www.youtube.com/watch?v=QhGy_1YjYGg,,,,
184,Heavy Metal - Universo em Fantasia 1981 Bluray 1080p Dual Áudio.mkv,Heavy Metal - Universe in Fantasia,Heavy Metal - Trailer,https://www.youtube.com/watch?v=SEe0HBODrNI,,,,
185,Heavy Metal - Universo em Fantasia 1981 Bluray 1080p Dual Áudio.mkv,Heavy Metal - Universe in Fantasia,Heavy Metal: The Movie (1981) Trailer,https://www.youtube.com/watch?v=B_MzWF8YLhY,,,,
186,Heavy Metal - Universo em Fantasia 1981 Bluray 1080p Dual Áudio.mkv,Heavy Metal - Universe in Fantasia,Fantasia Festival 2015  - I Am Thor (show),https://www.youtube.com/watch?v=UsKGvMnRrxM,,,,
187,Heavy Metal - Universo em Fantasia 1981 Bluray 1080p Dual Áudio.mkv,Heavy Metal - Universe in Fantasia,Stratovarius &quot,Elements Pt. 1&amp,2 (Reissue 2014)&quot, Content Trailer,https://www.youtube.com/watch?v=doSgXUszilQ,
188,Hérois 2009 BluRay 1080p Dual Áudio-002.mkv,Hérois,Trailer HEROIS Català,https://www.youtube.com/watch?v=EbrM3Gbymmo,,,,
189,Hérois 2009 BluRay 1080p Dual Áudio-002.mkv,Hérois,Heroes Trailer - Season One,https://www.youtube.com/watch?v=9AX6aXFdTkc,,,,
190,Hérois 2009 BluRay 1080p Dual Áudio-002.mkv,Hérois,12 HERÓIS | Trailer (2018) Legendado HD,https://www.youtube.com/watch?v=bOP07cRPpTw,,,,
191,Hérois 2009 BluRay 1080p Dual Áudio-002.mkv,Hérois,12 Heróis | Trailer Legendado,https://www.youtube.com/watch?v=gJDI0aYrwwY,,,,
192,Hérois 2009 BluRay 1080p Dual Áudio-002.mkv,Hérois,HEROES REBORN // Extended Trailer,https://www.youtube.com/watch?v=l_JGDudF3i0,,,,
193,Identicos 2014 Bluray 1080p Dual Áudio.mkv,Identicos,Idênticos | Trailer Oficial Legendado,https://www.youtube.com/watch?v=ygVYU4xP2S8,,,,
194,Identicos 2014 Bluray 1080p Dual Áudio.mkv,Identicos,"Idênticos Trailer Oficial Legendado (2014) - Ashley Judd, Ray Liotta HD",https://www.youtube.com/watch?v=OLVpKqqmOdc,,,,
195,Identicos 2014 Bluray 1080p Dual Áudio.mkv,Identicos,The Identical Official Trailer #1 (2014),https://www.youtube.com/watch?v=D_ShZUmceRE,,,,
196,Identicos 2014 Bluray 1080p Dual Áudio.mkv,Identicos,"The Identical TRAILER 1 (2014) - Ashley Judd, Seth Green Movie HD",https://www.youtube.com/watch?v=8LWy9hBy0Kk,,,,
197,Identicos 2014 Bluray 1080p Dual Áudio.mkv,Identicos,Three Identical Strangers Trailer #1 (2018) | Movieclips Indie,https://www.youtube.com/watch?v=c-OF0OaK3o0,,,,
198,Irreversível 2002 BluRay 1080p Dual Áudio-004.mkv,Irreversible,Irreversible (2002) - Official Trailer,https://www.youtube.com/watch?v=OU-ZOHeWLkU,,,,
199,Irreversível 2002 BluRay 1080p Dual Áudio-004.mkv,Irreversible,Irreversible Trailer HD,https://www.youtube.com/watch?v=FxPNSErZ5bE,,,,
200,Irreversível 2002 BluRay 1080p Dual Áudio-004.mkv,Irreversible,&#39,&#39, irreversible &#39,&#39, - official film trailer - 2002.,https://www.youtube.com/watch?v=0pqob1R5CCM
201,Irreversível 2002 BluRay 1080p Dual Áudio-004.mkv,Irreversible,Irreversible Blu-ray (trailer) - Accent Films Collection,https://www.youtube.com/watch?v=U_d2S5RcJFY,,,,
202,Irreversível 2002 BluRay 1080p Dual Áudio-004.mkv,Irreversible,Gaspar Noé - Relação Entre o Amor e o Ódio,https://www.youtube.com/watch?v=Rycz62VPgfE,,,,
203,Maquia - When The Promised Flower Blooms 2018 BluRay 720p LegendaFixa.mp4,Maquia - When The Promised Flower Blooms,Maquia - Official Trailer - MadFest Premiere,https://www.youtube.com/watch?v=AEWvRqZQ0RU,,,,
204,Maquia - When The Promised Flower Blooms 2018 BluRay 720p LegendaFixa.mp4,Maquia - When The Promised Flower Blooms,Maquia: When the Promised Flower Blooms Dub Trailer,https://www.youtube.com/watch?v=2YsBPf8gp5I,,,,
205,Maquia - When The Promised Flower Blooms 2018 BluRay 720p LegendaFixa.mp4,Maquia - When The Promised Flower Blooms,Maquia: When the Promised Flower Blooms (Official U.S. Trailer),https://www.youtube.com/watch?v=fi1gmq0CwcA,,,,
206,Maquia - When The Promised Flower Blooms 2018 BluRay 720p LegendaFixa.mp4,Maquia - When The Promised Flower Blooms,Maquia: When the Promised Flower Blooms (Dubbed) - Trailer,https://www.youtube.com/watch?v=SHoRfu8RQ_c,,,,
207,Maquia - When The Promised Flower Blooms 2018 BluRay 720p LegendaFixa.mp4,Maquia - When The Promised Flower Blooms,「English Subtitles」 Maquia: When the Promised Flower Blooms (Full Anime Trailers 1 + 2 + 3 + 4),https://www.youtube.com/watch?v=pwrrY_zW-8w,,,,
208,Máquinas Mortais 2018 WEB-DL 1080p Legendado-008.mkv,Mortal Machines 2018 WEB-DL 1,Mortal Engines - Official Trailer (HD),https://www.youtube.com/watch?v=IRsFc2gguEg,,,,
209,Máquinas Mortais 2018 WEB-DL 1080p Legendado-008.mkv,Mortal Machines 2018 WEB-DL 1,Mortal Engines - Official Trailer 2 (HD),https://www.youtube.com/watch?v=cuL5yXsOAIA,,,,
210,Máquinas Mortais 2018 WEB-DL 1080p Legendado-008.mkv,Mortal Machines 2018 WEB-DL 1,MORTAL ENGINES Trailer 2 (2018),https://www.youtube.com/watch?v=ucg9tajl3AE,,,,
211,Máquinas Mortais 2018 WEB-DL 1080p Legendado-008.mkv,Mortal Machines 2018 WEB-DL 1,The Protector | Official Trailer [HD] | Netflix,https://www.youtube.com/watch?v=80dqOwAOhbo,,,,
212,Máquinas Mortais 2018 WEB-DL 1080p Legendado-008.mkv,Mortal Machines 2018 WEB-DL 1,Future World Trailer #1 (2018) | Movieclips Trailers,https://www.youtube.com/watch?v=tu1cwITUm3M,,,,
213,O Artista 2011 BluRay 720p LegendaFixa-006.mp4,The Artist,"The Artist (2011) Official Trailer - Jean Dujardin, Bérénice Bejo Movie HD",https://www.youtube.com/watch?v=YB9Oq0hn5KY,,,,
214,O Artista 2011 BluRay 720p LegendaFixa-006.mp4,The Artist,The Disaster Artist | Tommy | Official Trailer 2 HD | A24,https://www.youtube.com/watch?v=sPSJYXi7BWA,,,,
215,O Artista 2011 BluRay 720p LegendaFixa-006.mp4,The Artist,THE ARTIST | Trailer deutsch german [HD],https://www.youtube.com/watch?v=Cz7DWrXFylk,,,,
216,O Artista 2011 BluRay 720p LegendaFixa-006.mp4,The Artist,The Disaster Artist | Official Trailer HD | A24,https://www.youtube.com/watch?v=cMKX2tE5Luk,,,,
217,O Artista 2011 BluRay 720p LegendaFixa-006.mp4,The Artist,GREAT GATSBY Trailer (2012) Movie HD,https://www.youtube.com/watch?v=rARN6agiW7o,,,,
218,O Devorador de Pecados 2003 Bluray 1080p Dual Áudio-012.mkv,The Sin Eater,The Last Sin Eater Movie Trailer,https://www.youtube.com/watch?v=sBJpmbbERFk,,,,
219,O Devorador de Pecados 2003 Bluray 1080p Dual Áudio-012.mkv,The Sin Eater,The Order (Movie Trailer) Heath Ledger,https://www.youtube.com/watch?v=-EKjxTIRRtc,,,,
220,O Devorador de Pecados 2003 Bluray 1080p Dual Áudio-012.mkv,The Sin Eater,The Sin Eater Trailer,https://www.youtube.com/watch?v=gOv9NcK4Rj0,,,,
221,O Devorador de Pecados 2003 Bluray 1080p Dual Áudio-012.mkv,The Sin Eater,THE SIN EATER  - HEATH LEDGER - 1/5,https://www.youtube.com/watch?v=awygBoz4avo,,,,
222,O Devorador de Pecados 2003 Bluray 1080p Dual Áudio-012.mkv,The Sin Eater,The.Last.Sin.Eater.rv,https://www.youtube.com/watch?v=pOpoLMDBPNk,,,,
223,Oeste Sem Lei 2016 Bluray 1080p Dual Áudio.mkv,West Without Law,Beasts of No Nation | Official Trailer [HD] | Netflix,https://www.youtube.com/watch?v=2xb9Ty-1frw,,,,
224,Oeste Sem Lei 2016 Bluray 1080p Dual Áudio.mkv,West Without Law,Morphies Law: PAX West Trailer - Nintendo Switch,https://www.youtube.com/watch?v=qNylNeCiyTg,,,,
225,Oeste Sem Lei 2016 Bluray 1080p Dual Áudio.mkv,West Without Law,No Church In The Wild,https://www.youtube.com/watch?v=FJt7gNi3Nr4,,,,
226,Oeste Sem Lei 2016 Bluray 1080p Dual Áudio.mkv,West Without Law,"SERENITY Official Trailer (2018) Matthew McConaughey, Anne Hathaway Movie HD",https://www.youtube.com/watch?v=SbrOMrjhyvI,,,,
227,Oeste Sem Lei 2016 Bluray 1080p Dual Áudio.mkv,West Without Law,THE MULE - Official Trailer,https://www.youtube.com/watch?v=N_QksSzK7sI,,,,
228,O Lugar Onde Tudo Termina 2012Bluray 1080p Dublado-016.mkv,The Place Where Everything Ends,How It Ends | Official Trailer [HD] | Netflix,https://www.youtube.com/watch?v=WJyyJ7lexnM,,,,
229,O Lugar Onde Tudo Termina 2012Bluray 1080p Dublado-016.mkv,The Place Where Everything Ends,Everything You Missed In The &#39,Avengers: Endgame&#39, Trailer,https://www.youtube.com/watch?v=tSiuctBG9ZY,,
230,O Lugar Onde Tudo Termina 2012Bluray 1080p Dublado-016.mkv,The Place Where Everything Ends,Avengers: Endgame Trailer #2 (2019) | Movieclips Trailers,https://www.youtube.com/watch?v=JyGGLB542ks,,,,
231,O Lugar Onde Tudo Termina 2012Bluray 1080p Dublado-016.mkv,The Place Where Everything Ends,HOW IT ENDS Trailer (2018) Netflix,https://www.youtube.com/watch?v=aNMOqQoogNU,,,,
232,O Lugar Onde Tudo Termina 2012Bluray 1080p Dublado-016.mkv,The Place Where Everything Ends,Avengers: Endgame Trailer #1 (2019) | Movieclips Trailers,https://www.youtube.com/watch?v=ee1172yeqyE,,,,
233,Os Falsários 2007 BluRay 1080p Dual Áudio-010.mkv,The Falsarios,Os falsários Trailer,https://www.youtube.com/watch?v=NFJQiZU4rgE,,,,
234,Os Falsários 2007 BluRay 1080p Dual Áudio-010.mkv,The Falsarios,Trailer OS FALSÁRIOS - Breve nos cinemas - Vencedor do OSCAR de Melhor Filme estrangeiro,https://www.youtube.com/watch?v=39FymO7e_MM,,,,
235,Os Falsários 2007 BluRay 1080p Dual Áudio-010.mkv,The Falsarios,Os Falsários (Die Fälsher) - Trailer Legenda,https://www.youtube.com/watch?v=FGcWDrLctuY,,,,
236,Os Falsários 2007 BluRay 1080p Dual Áudio-010.mkv,The Falsarios,Os Falsarios,https://www.youtube.com/watch?v=fIonPTVWJcg,,,,
237,Os Falsários 2007 BluRay 1080p Dual Áudio-010.mkv,The Falsarios,IL FALSARIO,https://www.youtube.com/watch?v=1HcN_9xinFo,,,,
238,O Predestinado 2014 BluRay 1080p Dual Áudio 5.1-006.mkv,The Predestined,Predestination International TRAILER 1 (2014) - Ethan Hawke Sci-Fi Thriller HD,https://www.youtube.com/watch?v=-FcK_UiVV40,,,,
239,O Predestinado 2014 BluRay 1080p Dual Áudio 5.1-006.mkv,The Predestined,Predestination Official US Release Trailer (2015) - Ethan Hawke Sci-Fi Thriller HD,https://www.youtube.com/watch?v=jcQacCfi_pw,,,,
240,O Predestinado 2014 BluRay 1080p Dual Áudio 5.1-006.mkv,The Predestined,Predestination Full Movie in HD 2014,https://www.youtube.com/watch?v=0mmdGpmSS2M,,,,
241,O Predestinado 2014 BluRay 1080p Dual Áudio 5.1-006.mkv,The Predestined,Predestination - Movie Review,https://www.youtube.com/watch?v=5riGjpQ2Rlw,,,,
242,O Predestinado 2014 BluRay 1080p Dual Áudio 5.1-006.mkv,The Predestined,PreDestined Trailer,https://www.youtube.com/watch?v=M1kWzcB8BBs,,,,
243,O Presente 2016 BluRay 1080p Dublado-013.mp4,The Present,The Present - OFFICIAL,https://www.youtube.com/watch?v=WjqiU5FgsYc,,,,
244,O Presente 2016 BluRay 1080p Dublado-013.mp4,The Present,The Gift Official Trailer #1 (2015) - Jason Bateman Psychological Thriller HD,https://www.youtube.com/watch?v=I3IiZU9JBuE,,,,
245,O Presente 2016 BluRay 1080p Dublado-013.mp4,The Present,The Present Trailer,https://www.youtube.com/watch?v=MEYl-LTvVKc,,,,
246,O Presente 2016 BluRay 1080p Dublado-013.mp4,The Present,Marina Abramovi The Artist is Present Trailer (2012) Documentary HD,https://www.youtube.com/watch?v=YcmcEZxdlv4,,,,
247,O Presente 2016 BluRay 1080p Dublado-013.mp4,The Present,Fast &amp, Furious Presents: Hobbs &amp, Shaw - Official Trailer [HD],https://www.youtube.com/watch?v=9SA7FaKxZVI,,
248,O Regresso 2015 BluRay OPEN MATTE 1080p Dual Áudio-014.mkv,The Return,The Return - Trailer,https://www.youtube.com/watch?v=GL89n_Ut4oA,,,,
249,O Regresso 2015 BluRay OPEN MATTE 1080p Dual Áudio-014.mkv,The Return,THE RETURN Official Trailer (2018) Horror Movie,https://www.youtube.com/watch?v=qAZpsQ-eAeI,,,,
250,O Regresso 2015 BluRay OPEN MATTE 1080p Dual Áudio-014.mkv,The Return,The Return (2003) – Andrey Zvyagintsev – Original Trailer,https://www.youtube.com/watch?v=mEKp-Ort7hU,,,,
251,O Regresso 2015 BluRay OPEN MATTE 1080p Dual Áudio-014.mkv,The Return,The Return (trailer),https://www.youtube.com/watch?v=qNR4ER9tC6A,,,,
252,O Regresso 2015 BluRay OPEN MATTE 1080p Dual Áudio-014.mkv,The Return,The Returning - Official Trailer (2018),https://www.youtube.com/watch?v=0Pb4kB79i9g,,,,
253,Pânico no Deserto 2005 BluRay 720p Dublado.mkv,Panic in the Desert,The Messenger - Picnic Panic DLC Trailer - Nintendo Switch,https://www.youtube.com/watch?v=I_IGUzY23LQ,,,,
254,Pânico no Deserto 2005 BluRay 720p Dublado.mkv,Panic in the Desert,River City Panic - Spec Trailer,https://www.youtube.com/watch?v=TEie3bHh5Uo,,,,
255,Pânico no Deserto 2005 BluRay 720p Dublado.mkv,Panic in the Desert,Despicable Me Official Trailer #1 - (2010) HD,https://www.youtube.com/watch?v=sUkZFetWYY0,,,,
256,Pânico no Deserto 2005 BluRay 720p Dublado.mkv,Panic in the Desert,Escape Room Trailer #1 (2019) | Movieclips Trailers,https://www.youtube.com/watch?v=8W6yYBAUxv4,,,,
257,Pânico no Deserto 2005 BluRay 720p Dublado.mkv,Panic in the Desert,Fear and Loathing in Las Vegas (3/10) Movie CLIP - The Hotel on Acid (1998) HD,https://www.youtube.com/watch?v=uOmtVFQ3WF8,,,,
258,Pesadelo no Inferno 2018 BluRay 1080p Dual Áudio.mkv,Nightmare on Hell,NIGHTMARE FROM HELL  TRAILER  2013,https://www.youtube.com/watch?v=zFrbHA27CEA,,,,
259,Pesadelo no Inferno 2018 BluRay 1080p Dual Áudio.mkv,Nightmare on Hell,The Edge of Hell aka Rock &#39,n&#39, Roll Nightmare (1987) (VHS Trailer),https://www.youtube.com/watch?v=R7l5q4w904g,,
260,Pesadelo no Inferno 2018 BluRay 1080p Dual Áudio.mkv,Nightmare on Hell,Nightmare &quot,Hell Awaits&quot, - Trailer,https://www.youtube.com/watch?v=YvJAftH_348,,
261,Pesadelo no Inferno 2018 BluRay 1080p Dual Áudio.mkv,Nightmare on Hell,A Nightmare on Elm Street Official Trailer #1 - (2010) HD,https://www.youtube.com/watch?v=ZuYoEtEI_go,,,,
262,Pesadelo no Inferno 2018 BluRay 1080p Dual Áudio.mkv,Nightmare on Hell,Nightmare: Return to Elm Street (2018) | Official Trailer #2 (4K),https://www.youtube.com/watch?v=sIbv19R2rfY,,,,
263,Reféns 2011 Bluray 1080p Dual Áudio.mkv,Hosts,The Host Official Trailer #2 (2013) - Saoirse Ronan Movie HD,https://www.youtube.com/watch?v=SRKjf8b4f2E,,,,
264,Reféns 2011 Bluray 1080p Dual Áudio.mkv,Hosts,Hosts Trailer : Indie Horror Film : Shot on Blackmagic,https://www.youtube.com/watch?v=ygkym-yAxLw,,,,
265,Reféns 2011 Bluray 1080p Dual Áudio.mkv,Hosts,Selena Gomez Hosts WE-Day,https://www.youtube.com/watch?v=iFo5aZ7FLfs,,,,
266,Reféns 2011 Bluray 1080p Dual Áudio.mkv,Hosts,The Gang Hosts a Melee Tournament | Trailer,https://www.youtube.com/watch?v=WInjjyxRV6s,,,,
267,Reféns 2011 Bluray 1080p Dual Áudio.mkv,Hosts,Colony Season 3 Trailer (2018) USA Series,https://www.youtube.com/watch?v=kYE7PRsja0I,,,,
268,Regresso do Mal 2016 BluRay  1080p Dublado.mp4,Return Of The Evil,Theatrical Trailer: 1920 Evil Returns,https://www.youtube.com/watch?v=Hq-U6HWZjsY,,,,
269,Regresso do Mal 2016 BluRay  1080p Dublado.mp4,Return Of The Evil,1920 Evil Returns Official Theatrical Trailer | Aftab Shivdasani,https://www.youtube.com/watch?v=yy1Fdp_h4mM,,,,
270,Regresso do Mal 2016 BluRay  1080p Dublado.mp4,Return Of The Evil,Resident Evil: The Final Chapter Official Trailer 1 (2017) - Milla Jovovich Movie,https://www.youtube.com/watch?v=hfby7XwoBl0,,,,
271,Regresso do Mal 2016 BluRay  1080p Dublado.mp4,Return Of The Evil,1920 Evil Returns - Hindi Movies 2016 Full Movie - Bollywood Movies,https://www.youtube.com/watch?v=RuqIDM-vtpo,,,,
272,Regresso do Mal 2016 BluRay  1080p Dublado.mp4,Return Of The Evil,Ouija: Origin of Evil - Official Trailer (HD),https://www.youtube.com/watch?v=MJIcZGEjjwo,,,,
273,Sangue e Honra 2011 Bluray 1080p Tri Áudio-008.mkv,Blood and Honor,"Official Trailer: Blood In, Blood Out (1993)",https://www.youtube.com/watch?v=NMj89zgI8Yc,,,,
274,Sangue e Honra 2011 Bluray 1080p Tri Áudio-008.mkv,Blood and Honor,FOR HONOR : New Cinematic Trailer (PS4 / Xbox One / PC),https://www.youtube.com/watch?v=sSpAz3h_Gh8,,,,
275,Sangue e Honra 2011 Bluray 1080p Tri Áudio-008.mkv,Blood and Honor,Blood in Blood Out - Trailer,https://www.youtube.com/watch?v=EgXh-jXG-Vk,,,,
276,Sangue e Honra 2011 Bluray 1080p Tri Áudio-008.mkv,Blood and Honor,BLOOD AND HONOR OFFICIAL TRAILER,https://www.youtube.com/watch?v=c6cf9-Yff3w,,,,
277,Sangue e Honra 2011 Bluray 1080p Tri Áudio-008.mkv,Blood and Honor,FOR HONOR - Cinematic Story Trailer (E3 2016),https://www.youtube.com/watch?v=g6GGoTxvGzk,,,,
278,Star Troops 2 - The Héroi of the Federation 2004 BluRay 1080p Dual Audio.mkv,Star Troops 2 - The Héroi of the Federation,Starship Troopers 2: Hero of the Federation (2004) - Trailer,https://www.youtube.com/watch?v=9_sXs02IOLs,,,,
279,Star Troops 2 - The Héroi of the Federation 2004 BluRay 1080p Dual Audio.mkv,Star Troops 2 - The Héroi of the Federation,Starship Troopers 2: Hero Of Federation,https://www.youtube.com/watch?v=EmMmRXOr1jU,,,,
280,Star Troops 2 - The Héroi of the Federation 2004 BluRay 1080p Dual Audio.mkv,Star Troops 2 - The Héroi of the Federation,Starship Troopers 2: Hero of Federation (2004) Carnage Count,https://www.youtube.com/watch?v=qFvghStPoBo,,,,
281,Star Troops 2 - The Héroi of the Federation 2004 BluRay 1080p Dual Audio.mkv,Star Troops 2 - The Héroi of the Federation,Starship Troopers 2 Heroes Of THe Federation Trailer,https://www.youtube.com/watch?v=lKL311ErOlA,,,,
282,Star Troops 2 - The Héroi of the Federation 2004 BluRay 1080p Dual Audio.mkv,Star Troops 2 - The Héroi of the Federation,Starship Troopers: Traitor Of Mars Official Trailer - In Theaters One Night Only 8/21,https://www.youtube.com/watch?v=8R0yLRoevnA,,,,
283,Tartarugas Ninjas - O Retorno 2007 Bluray 1080p Dublado.mkv,Turtles Ninjas - The Return,Teenage Mutant Ninja Turtles: Out of the Shadows Official Trailer #2 (2016) - Movie HD,https://www.youtube.com/watch?v=NzaSDRk_kCg,,,,
284,Tartarugas Ninjas - O Retorno 2007 Bluray 1080p Dublado.mkv,Turtles Ninjas - The Return,"Teenage Mutant Ninja Turtles | Season 5 Official Trailer &#39;Baby Turtles, Aliens, &amp; More!&#39; | Nick",https://www.youtube.com/watch?v=uzdqP5eccEM,,,,
285,Tartarugas Ninjas - O Retorno 2007 Bluray 1080p Dublado.mkv,Turtles Ninjas - The Return,Teenage Mutant Ninja Turtles: Out of the Shadows Official Trailer #1 (2016) - Megan Fox Movie HD,https://www.youtube.com/watch?v=3CKgLNGfdSM,,,,
286,Tartarugas Ninjas - O Retorno 2007 Bluray 1080p Dublado.mkv,Turtles Ninjas - The Return,Batman VS Teenage Mutant Ninja Turtles Trailer #1 REACTION!!,https://www.youtube.com/watch?v=R1r9mZlQjqw,,,,
287,Tartarugas Ninjas - O Retorno 2007 Bluray 1080p Dublado.mkv,Turtles Ninjas - The Return,Batman vs. Teenage Mutant Ninja Turtles - Official Trailer,https://www.youtube.com/watch?v=wpZPPrnEd_k,,,,
288,,Terror Online,"O CHAMADO DO MAL Trailer Brasileiro LEGENDADO (Terror, 2018)",https://www.youtube.com/watch?v=XGknuiBfTxk,,,,
289,,Terror Online,THE TERROR Official Trailer #2 &quot,This Place Wants Us Dead&quot, (HD) AMC Suspense Series,https://www.youtube.com/watch?v=l328p5sSEmc,,
290,,Terror Online,The Terror Trailer Season 1 (2018) New amc Series,https://www.youtube.com/watch?v=rnN7Aad3c7A,,,,
291,,Terror Online,Unfriended: Dark Web Trailer #1 (2018) | Movieclips Trailers,https://www.youtube.com/watch?v=XenTM_C9fxM,,,,
292,,Terror Online,Unfriended: Dark Web Trailer (2018) | &#39,The Terror&#39, | Movieclips Trailers,https://www.youtube.com/watch?v=ez3l4EA4pTc,,
293,The Warrior Genghis Khan Mongolian 2007 Bluray 1080p Dual Audio.mkv,The Warrior Genghis Khan Mongolian,Mongol Trailer [HD],https://www.youtube.com/watch?v=nHaYiA6u3Co,,,,
294,The Warrior Genghis Khan Mongolian 2007 Bluray 1080p Dual Audio.mkv,The Warrior Genghis Khan Mongolian,Mongol: The Rise to Power of Genghis Khan - Trailer,https://www.youtube.com/watch?v=h3zkO2CQcoE,,,,
295,The Warrior Genghis Khan Mongolian 2007 Bluray 1080p Dual Audio.mkv,The Warrior Genghis Khan Mongolian,Mongol Trailer (HD 1080),https://www.youtube.com/watch?v=Hr_PNoCZXg4,,,,
296,The Warrior Genghis Khan Mongolian 2007 Bluray 1080p Dual Audio.mkv,The Warrior Genghis Khan Mongolian,Mongol full movie,https://www.youtube.com/watch?v=NxoBfbhoEmo,,,,
297,The Warrior Genghis Khan Mongolian 2007 Bluray 1080p Dual Audio.mkv,The Warrior Genghis Khan Mongolian,Genghis Khan (2000) Trailer,https://www.youtube.com/watch?v=3BRezd6c0o4,,,,
298,V of Vengeance 2006 BluRay 1080p Dual Audio.mkv,V of Vengeance,V For Vendetta Trailer (HD),https://www.youtube.com/watch?v=k_13fFIrhPk,,,,
299,V of Vengeance 2006 BluRay 1080p Dual Audio.mkv,V of Vengeance,Acts Of Vengeance Trailer #1 (2018) | Movieclips Trailers,https://www.youtube.com/watch?v=f4Lrm7w6O4M,,,,
300,V of Vengeance 2006 BluRay 1080p Dual Audio.mkv,V of Vengeance,REVENGE Official Trailer (2018) Action Movie HD,https://www.youtube.com/watch?v=sU3TRJiRobs,,,,
301,V of Vengeance 2006 BluRay 1080p Dual Audio.mkv,V of Vengeance,I Am Vengeance Trailer #1 (2018) | Movieclips Indie,https://www.youtube.com/watch?v=sTSA2bHZjeE,,,,
302,V of Vengeance 2006 BluRay 1080p Dual Audio.mkv,V of Vengeance,Metal Gear Solid V: The Phantom Pain - VENGEANCE TRAILER,https://www.youtube.com/watch?v=vLlxliMUFao,,,,
303,V of Vengeance 2006 BluRay 1080p Dual Audio.mkv,The Romance of the Century,"Love, Simon | Official Trailer 2 [HD] | 20th Century FOX",https://www.youtube.com/watch?v=E0cbWdlQg_8,,,,
304,V of Vengeance 2006 BluRay 1080p Dual Audio.mkv,The Romance of the Century,"CRUISE Official Trailer (2018) Emily Ratajkowski, Romance Movie HD",https://www.youtube.com/watch?v=uymjVv1ueB8,,,,
305,V of Vengeance 2006 BluRay 1080p Dual Audio.mkv,The Romance of the Century,THE SUN IS ALSO A STAR - Official Trailer,https://www.youtube.com/watch?v=3On0BXzGnuI,,,,
306,V of Vengeance 2006 BluRay 1080p Dual Audio.mkv,The Romance of the Century,The Longest Ride | Official Trailer [HD] | 20th Century FOX,https://www.youtube.com/watch?v=FUS_Q7FsfqU,,,,
307,V of Vengeance 2006 BluRay 1080p Dual Audio.mkv,The Romance of the Century,The Hate U Give | Official Trailer [HD] | 20th Century FOX,https://www.youtube.com/watch?v=3MM8OkVT0hw,,,,
308,SAGA Curse of the Shadow 2013 BluRay 1080p Dual Audio.mkv,SAGA Curse of the Shadow,The Shadow Cabal - Official Trailer,https://www.youtube.com/watch?v=XM8Uk_raYBc,,,,
309,SAGA Curse of the Shadow 2013 BluRay 1080p Dual Audio.mkv,SAGA Curse of the Shadow,SAGA: CURSE OF THE SHADOW - TRAILER 2,https://www.youtube.com/watch?v=sD6sU6H1KcY,,,,
310,SAGA Curse of the Shadow 2013 BluRay 1080p Dual Audio.mkv,SAGA Curse of the Shadow,Curse Of The Dragon Slayer Official Trailer (2014) - Danielle Chuchran Fantasy Movie HD,https://www.youtube.com/watch?v=KSro9Wlmjzk,,,,
311,SAGA Curse of the Shadow 2013 BluRay 1080p Dual Audio.mkv,SAGA Curse of the Shadow,"World of Saga : Les Seigneurs de l&#39;Ombre - Film COMPLET en français (Action, aventure, fantastique)",https://www.youtube.com/watch?v=erLUdNlMzDo,,,,
312,SAGA Curse of the Shadow 2013 BluRay 1080p Dual Audio.mkv,SAGA Curse of the Shadow,Saga Curse of the shadow 2013 (not official trailer),https://www.youtube.com/watch?v=Q2eEAZ2jrPE,,,,
313,The Return of Superman 2019 BluRay 1080p Dual Audio.mkv,The Return of Superman,Superman Returns (2006) Official Trailer #1 - Superhero Movie HD,https://www.youtube.com/watch?v=bRqAUqAFhNw,,,,
314,The Return of Superman 2019 BluRay 1080p Dual Audio.mkv,The Return of Superman,REIGN OF THE SUPERMEN Official Trailer (2019) Superman DC Superhero Movie,https://www.youtube.com/watch?v=JUM70fOy4Vk,,,,
315,The Return of Superman 2019 BluRay 1080p Dual Audio.mkv,The Return of Superman,The Return of Superman | 슈퍼맨이 돌아왔다 [Trailer],https://www.youtube.com/watch?v=uJoBLhFX6Mk,,,,
316,The Return of Superman 2019 BluRay 1080p Dual Audio.mkv,The Return of Superman,JUSTICE LEAGUE (2017) Trailer #2 Concept – &quot,Gods Don&#39,t Die&quot, Superman Promo (Fan Made),https://www.youtube.com/watch?v=s1znVlztgqo,
317,The Return of Superman 2019 BluRay 1080p Dual Audio.mkv,The Return of Superman,Superman Returns Teaser Trailer HD (1080p),https://www.youtube.com/watch?v=OsKjfJ1sUIk,,,,
318,O Grinch 2018 BluRay BluRay 1080p  Dual Áudio 5.1.mkv,O Grinch,O Grinch - Trailer Oficial 3 Dublado (Universal Pictures) HD,https://www.youtube.com/watch?v=3Jp837v4bRw,,,,
319,O Grinch 2018 BluRay BluRay 1080p  Dual Áudio 5.1.mkv,O Grinch,THE GRINCH Official Trailer (2018),https://www.youtube.com/watch?v=Bf6D-i8YpHg,,,,
320,O Grinch 2018 BluRay BluRay 1080p  Dual Áudio 5.1.mkv,O Grinch,O Grinch | Trailer Dublado,https://www.youtube.com/watch?v=LOD8R9iDbTw,,,,
321,O Grinch 2018 BluRay BluRay 1080p  Dual Áudio 5.1.mkv,O Grinch,O Grinch | Trailer Oficial,https://www.youtube.com/watch?v=GTCqJTfMjhk,,,,
322,O Grinch 2018 BluRay BluRay 1080p  Dual Áudio 5.1.mkv,O Grinch,O Grinch - Trailer Oficial (Universal Pictures) HD,https://www.youtube.com/watch?v=epuD_8V9nxM,,,,
323,Rampage Venue of Vengeance 2009 BluRay 1080p Dual Audio.mkv,Rampage Venue of Vengeance,GoPro: Revenge at Red Bull Rampage 2016,https://www.youtube.com/watch?v=zOIk-Ddg1E8,,,,
324,Rampage Venue of Vengeance 2009 BluRay 1080p Dual Audio.mkv,Rampage Venue of Vengeance,NITE NITES BACKSTORY - A Fortnite Short Film,https://www.youtube.com/watch?v=5GK0D4ISf2Y,,,,
325,Rampage Venue of Vengeance 2009 BluRay 1080p Dual Audio.mkv,Rampage Venue of Vengeance,CHASSEUSE DE GÉANTS Bande Annonce VF (2018) Film Adolescent,https://www.youtube.com/watch?v=O_CTXtF7AIU,,,,
326,Rampage Venue of Vengeance 2009 BluRay 1080p Dual Audio.mkv,Rampage Venue of Vengeance,"Rezan&#39;s Rampage, Rastakhan&#39;s Might - WoW: Battle for Azeroth Closed Beta",https://www.youtube.com/watch?v=iPS7bkcw3nQ,,,,
327,Rampage Venue of Vengeance 2009 BluRay 1080p Dual Audio.mkv,Rampage Venue of Vengeance,"Curious Beginnings  | Critical Role | Campaign 2, Episode 1",https://www.youtube.com/watch?v=byva0hOj8CU,,,,
328,Shinobi - The Battle 2005 Bluray 1080p Dual Audio.mkv,Shinobi - The Battle,Shinobi  Heart Under Blade &quot,trailer&quot,,https://www.youtube.com/watch?v=kkDLwIW2KqA,,
329,Shinobi - The Battle 2005 Bluray 1080p Dual Audio.mkv,Shinobi - The Battle,Shinobi Epic Battle 2.0 - Oficial Video Trailer,https://www.youtube.com/watch?v=NNdCcVevD0g,,,,
330,Shinobi - The Battle 2005 Bluray 1080p Dual Audio.mkv,Shinobi - The Battle,Naruto to Boruto: Shinobi Striker - PS4/XB1/PC - The Greatest Ninja Battle,https://www.youtube.com/watch?v=8ypgtAyjSCo,,,,
331,Shinobi - The Battle 2005 Bluray 1080p Dual Audio.mkv,Shinobi - The Battle,For Honor - The Shinobi Samurai Gameplay Trailer,https://www.youtube.com/watch?v=Hn8m7xloxmg,,,,
332,Shinobi - The Battle 2005 Bluray 1080p Dual Audio.mkv,Shinobi - The Battle,For Honor: Shinobi &amp, Centurion Gameplay Trailer (New Classes),https://www.youtube.com/watch?v=txHIYJVt1h8,,,
333,Mamae Turned a Fish 2000 Bluray 720p Dual Audio.mkv,Mamae Turned a Fish,"McFarland, USA Official Trailer #1 (2015) - Kevin Costner Movie HD",https://www.youtube.com/watch?v=74eJaVQFybI,,,,
334,Mamae Turned a Fish 2000 Bluray 720p Dual Audio.mkv,Mamae Turned a Fish,Santa Shark | Baby Shark Christmas Song | Super Simple Songs,https://www.youtube.com/watch?v=u0aAMvvw_co,,,,
335,Mamae Turned a Fish 2000 Bluray 720p Dual Audio.mkv,Mamae Turned a Fish,King of the Dancehall,https://www.youtube.com/watch?v=ZLCN4G4NvKE,,,,
336,Mamae Turned a Fish 2000 Bluray 720p Dual Audio.mkv,Mamae Turned a Fish,"EVERY DAY Official Trailer (2018) Maria Bello, Justice Smith Romance Movie HD",https://www.youtube.com/watch?v=Uyp2pYUEVZo,,,,
337,Mamae Turned a Fish 2000 Bluray 720p Dual Audio.mkv,Mamae Turned a Fish,Free to Play: The Movie (US),https://www.youtube.com/watch?v=UjZYMI1zB9s,,,,
338,Jimmy Bubha 2001 BluRay 720p Dual Audio.mkv,Jimmy Bubha,Budhia Singh - Born To Run | Official Trailer,https://www.youtube.com/watch?v=YGft9XiX4bs,,,,
339,Jimmy Bubha 2001 BluRay 720p Dual Audio.mkv,Jimmy Bubha,Judge James - When Buddha Got Screweda,https://www.youtube.com/watch?v=jPRVpeVs89U,,,,
340,Jimmy Bubha 2001 BluRay 720p Dual Audio.mkv,Jimmy Bubha,Little Buddha 1993 Trailer | Keanu Reeves | Bridget Fonda,https://www.youtube.com/watch?v=p7xFK3GGj4I,,,,
341,Jimmy Bubha 2001 BluRay 720p Dual Audio.mkv,Jimmy Bubha,Traffic | Official Trailer | Manoj Bajpayee | Jimmy Sheirgill | Divya Dutta,https://www.youtube.com/watch?v=IGXw0NMwcS8,,,,
342,Jimmy Bubha 2001 BluRay 720p Dual Audio.mkv,Jimmy Bubha,Udta Punjab  |  Official Trailer,https://www.youtube.com/watch?v=EJylz_9KYf8,,,,
343,A Firma 1993 BluRay 1080p Dual Áudio-007.mkv,A Firma,The Firm - Trailer,https://www.youtube.com/watch?v=Auxb3l4Y8j0,,,,
344,A Firma 1993 BluRay 1080p Dual Áudio-007.mkv,A Firma,A firma Trailer,https://www.youtube.com/watch?v=vVeQdFwTRIE,,,,
345,A Firma 1993 BluRay 1080p Dual Áudio-007.mkv,A Firma,Die Firma - Trailer Deutsch 1080p HD,https://www.youtube.com/watch?v=EEUxtZu3Ke8,,,,
346,A Firma 1993 BluRay 1080p Dual Áudio-007.mkv,A Firma,The Firm - La Tapadera Trailer nº 2 (Castellano),https://www.youtube.com/watch?v=A9UOt6Q-4aI,,,,
347,A Firma 1993 BluRay 1080p Dual Áudio-007.mkv,A Firma,"A Firma, John Grisham",https://www.youtube.com/watch?v=J1Wlbm1uTN8,,,,
348,Tropas Estelares  2 - O Héroi da Federação 2004  BluRay 1080p Dual Áudio.mkv,300 The Rise of the Empire,300: Rise of an Empire - Official Trailer 1 [HD],https://www.youtube.com/watch?v=2zqy21Z29ps,,,,
349,Tropas Estelares  2 - O Héroi da Federação 2004  BluRay 1080p Dual Áudio.mkv,300 The Rise of the Empire,300: Rise of an Empire - Official Trailer 2 [HD],https://www.youtube.com/watch?v=jGEERBDelH8,,,,
350,Tropas Estelares  2 - O Héroi da Federação 2004  BluRay 1080p Dual Áudio.mkv,300 The Rise of the Empire,300: Rise of an Empire - Official Trailer 3 [HD],https://www.youtube.com/watch?v=G3Rzy7YqUVU,,,,
351,Tropas Estelares  2 - O Héroi da Federação 2004  BluRay 1080p Dual Áudio.mkv,300 The Rise of the Empire,300   Rise Of An Empire First Battle Scene Full HD 1080p Blu Ray,https://www.youtube.com/watch?v=S2up4-CJ-ok,,,,
352,Tropas Estelares  2 - O Héroi da Federação 2004  BluRay 1080p Dual Áudio.mkv,300 The Rise of the Empire,300 warriors rise of an empire hot scene,https://www.youtube.com/watch?v=cWwM6Uug1JE,,,,
353,127 Horas 2010 BluRay 1080p Dual Áudio.mkv,127 Hours,127 HOURS - Full Length Official Trailer HD,https://www.youtube.com/watch?v=OlhLOWTnVoQ,,,,
354,127 Horas 2010 BluRay 1080p Dual Áudio.mkv,127 Hours,127 Hours 2010 720p BrRip x264 YIFY,https://www.youtube.com/watch?v=pM0-XELAaaY,,,,
355,127 Horas 2010 BluRay 1080p Dual Áudio.mkv,127 Hours,127 Hours (1/3) Movie CLIP - Trapped (2010) HD,https://www.youtube.com/watch?v=MgFF-JBCHUg,,,,
356,127 Horas 2010 BluRay 1080p Dual Áudio.mkv,127 Hours,127 HOURS - Official HD Teaser Trailer,https://www.youtube.com/watch?v=Ba1IhHAqLgw,,,,
357,127 Horas 2010 BluRay 1080p Dual Áudio.mkv,127 Hours,James Franco alternate ending 127 Hours,https://www.youtube.com/watch?v=vJM-ASxS0tk,,,,
358,12 Homens e uma Sentença 1957 Bluray 1080p Dual Áudio.mkv,12 Men and a Sentence,12 STRONG - Official Trailer,https://www.youtube.com/watch?v=-Denciie5oA,,,,
359,12 Homens e uma Sentença 1957 Bluray 1080p Dual Áudio.mkv,12 Men and a Sentence,The 12th Man - Official Trailer I HD I IFC Midnight,https://www.youtube.com/watch?v=oAfQh7v4Kbs,,,,
360,12 Homens e uma Sentença 1957 Bluray 1080p Dual Áudio.mkv,12 Men and a Sentence,12 STRONG - Official Trailer 2,https://www.youtube.com/watch?v=Zxag9p-63RU,,,,
361,12 Homens e uma Sentença 1957 Bluray 1080p Dual Áudio.mkv,12 Men and a Sentence,Mile 22 Trailer #1 (2018) | Movieclips Trailers,https://www.youtube.com/watch?v=eJU6S5KOsNI,,,,
362,12 Homens e uma Sentença 1957 Bluray 1080p Dual Áudio.mkv,12 Men and a Sentence,Dark Phoenix | Official Trailer [HD] | 20th Century FOX,https://www.youtube.com/watch?v=1-q8C_c-nlM,,,,
363,,‘SeeFood - A Fish Out Of Water,Fish Out Of Water! trailer,https://www.youtube.com/watch?v=QKR8eAeiR-Q,,,,
364,,‘SeeFood - A Fish Out Of Water,SeeFood 2012 Trailer,https://www.youtube.com/watch?v=LmYO_EJ1580,,,,
365,,‘SeeFood - A Fish Out Of Water,The Future of Seafood - Trailer,https://www.youtube.com/watch?v=zTRpMKsUWRs,,,,
366,,‘SeeFood - A Fish Out Of Water,Korean Animated Film &quot,Padak&quot, Trailer,https://www.youtube.com/watch?v=S9n-9bFkkkI,,
367,,‘SeeFood - A Fish Out Of Water,$3 Seafood Vs. $213 Seafood • Australia,https://www.youtube.com/watch?v=iXexmZm3_j8,,,,
,A Paixão de Jacobina 2002 HDTVRip Nacional.mp4,,,,,,,
,A Paixão de Jacobina 2002 HDTVRip Nacional.mp4,,,,,,,
,A Paixão de Jacobina 2002 HDTVRip Nacional.mp4,,,,,,,
,A Paixão de Jacobina 2002 HDTVRip Nacional.mp4,,,,,,,
,A Paixão de Jacobina 2002 HDTVRip Nacional.mp4,,,,,,,
